ibrav,celldm(1),ecutwfc
898.0057,736.36463,242.83051
395,615,195.12
928,303.117491,13.722831
2,99.6,393
213.81,72.824804,857
234.05,798,329
594,708,615
775,631,642.498
453.269878,468.5248,473.554
100,288,617
